dataset_short_name,n_rows,n_subjects,n_successful_extractions,mean_metadata_completeness_score,mean_ephys_richness_score,mean_behavior_richness_score,mean_openminds_readiness_score,total_units,total_spikes,total_raw_spike_events,total_lfp_channels,total_trials,total_event_times,recording_systems,metadata_profiles
legacy_touchscreen,25,4,25,0.9090909090909091,0.8333333333333333,1.0,0.6666666666666667,1213,36609948.0,0.0,3182.0,3554,924811.0,legacy Neo/NIX,navigation/open-field ephys profile
nwb_ca1,53,9,53,0.8181818181818183,0.8333333333333336,0.6666666666666664,1.0,124313,0.0,0.0,0.0,0,0.0,20403313322; 20403313401; 20403313402; 20403313482; neuropixel_2_19122505151; neuropixel_2_19122519093; neuropixel_2_19122519211; neuropixels_1_18408403091; neuropixels_2_19122509121; neuropixels_2_19122502062; neuropixels_2_19122511841; neuropixels_2_19122514182; neuropixels_2_19122510811; neuropixels_2_20403311343; neuropixels_2_20403311393; neuropixels_2_20403311113; neuropixels_2_20403311151; neuropixels_2_20403320473,standardized NWB unit-rich profile
openfield_ca1,114,5,114,0.7105263157894738,0.8333333333333334,0.2719298245614035,0.6666666666666666,1109,860459.0,46230352.0,666.0,0,0.0,Axona; Neuralynx,navigation/open-field ephys profile; spike+LFP ephys profile
touchandsee,46,3,46,0.6383399209486166,0.3369565217391305,0.6666666666666667,0.5,0,283058.0,0.0,7485.0,2495,14970.0,Neo pickle,task/event/unit-rich profile
