cluster,n_rows,datasets,dominant_profile_labels,mean_metadata_completeness_score,mean_ephys_richness_score,mean_behavior_richness_score,mean_openminds_readiness_score,mean_n_units,mean_n_lfp_channels,mean_n_trials,mean_n_event_times_total
0,114,openfield_ca1,navigation/open-field ephys profile; spike+LFP ephys profile,0.7105263157894738,0.8333333333333334,0.2719298245614035,0.6666666666666666,9.728070175438596,5.842105263157895,0.0,0.0
1,46,touchandsee,task/event/unit-rich profile,0.6383399209486166,0.3369565217391305,0.6666666666666667,0.5,0.0,162.7173913043478,54.23913043478261,325.4347826086956
2,53,nwb_ca1,standardized NWB unit-rich profile,0.8181818181818183,0.8333333333333336,0.6666666666666664,1.0,2345.5283018867926,0.0,0.0,0.0
3,25,legacy_touchscreen,navigation/open-field ephys profile,0.9090909090909091,0.8333333333333333,1.0,0.6666666666666667,48.52,127.28,142.16,36992.44
