component,explained_variance_ratio
PC1,0.4155295675382266
PC2,0.2925290930960936
