dimension,explained_variance_ratio
Dim1,0.2808457097760339
Dim2,0.1928882946163053
