dimension,explained_variance_ratio
Dim1,0.4536043457399511
Dim2,0.26372645080754453
