component,explained_variance_ratio
PC1,0.5709955280175928
PC2,0.16294038506748862
