session_id,subject_id,context,status,n_units_available,fixed_units,n_repeats_ok,toi_median,toi_mean,toi_std,duration_s_median,n_bins_median,description
26863_2020-Nov-04_12-46-06,26863_Ash,open_field,ok,1072,50,5,0.000875532393142962,0.0008914321009007712,3.5033845410016876e-05,2127.9859333333334,213.0,35 mins; OF; decent coverage; still plugged in from previous session in room 2.408
26863_2020-Nov-05_10-26-23,26863_Ash,object_context,ok,720,50,5,0.0006145822359009675,0.0006431410198431816,8.658818106221902e-05,1524.9877666666669,153.0,open field; object
26965_2020-Dec-08_11-29-48,26965_Bubinga,open_field,ok,239,50,5,0.0005392499903211147,0.0005665562769132625,0.00011339797563852887,881.2462666666667,89.0,open field (motive crashed)
26965_2020-Dec-08_14-36-11,26965_Bubinga,open_field,ok,546,50,5,0.0012365712565137067,0.0012409952415036022,0.00010193772293154133,747.995366666667,75.0,open field; party lights
26965_2020-Dec-09_12-10-58,26965_Bubinga,object_context,ok,546,50,5,0.0012223154835401082,0.001208822485249524,0.00010357763311968427,787.9976999999999,79.0,open field; object
26965_2020-Dec-11_10-58-11,26965_Bubinga,open_field,ok,540,50,5,0.0005520919250696749,0.0005775448362483462,5.022300417689216e-05,566.9879666666667,57.0,open field; party lights
26966_2020-Dec-14_15-18-10,26966_Cedar,object_context,ok,462,50,5,0.001367653903258883,0.0013235581375845079,0.00010348389628176458,1027.9883,103.0,open field; novel object
26966_2020-Dec-16_11-48-01,26966_Cedar,object_context,ok,530,50,5,0.0008774927294569262,0.0008605457910558885,3.8152408086280144e-05,907.9798333333333,91.0,open field; object
