component,explained_variance_ratio
PC1,0.4670847557953217
PC2,0.298614800056913
